fasta_header,lengths,kapa2,kappa,FCR,radius_of_gyration,sequence,Prediction,FRET_100mOsm,FRET_750mOsm
1,60,-1,-1,0,17.83264509,QNNNQQQNQQNQNNQNNNQNNNNNQNQNNQQQQNQQQNNNQQNNQQNNNNQQQNNNQNNN,High,Low,High
2,60,-1,-1,0,22.44088975,THNHHSTPGTPGHHHPGSPHSPHPTHTTPSHHGTGGGHGGSTTQSHSNGSATGQHGSSGP,High,Low,High
3,60,-1,-1,0,20.19878699,THNHHSTGTGHHHGSHSHTHTTSHHGTGGGHGGSTTQSHSNGSTGQHGSSGPPPPPPPAP,High,Low,High
4,60,-1,-1,0,22.26925903,THNHHGPSTGTGPHHHGSPHSHTHPTTSHHPGTGGGPHGGSTPTQSHSANGSTGPQHGSS,High,Low,High
5,60,0.46,-1,0.3,22.38292664,HNNQQQQQNNQNNQNQQNNQNNNNNQQQQNQQEDEQQDDENQDDDQQDEDQNEDEQQDDE,High,Low,Low
6,60,0.18,-1,0.3,21.63963551,EDDEHNNQDQQQQENNQNDNQNQDQNNQDNNNNNNQQQEQNQQDQQNQDQQQNDQQEEDED,High,Low,NA
7,60,0.53,0.53,0.3,17.8559995,KKKRSGQNRNQNNRQQQQKNQNQRQNQNKNNQQNQNNENNNNDNNQQENNQQENQDDDDD,Low,Low,NA
8,60,0.13,0.13,0.3,19.22122598,REKRSGQNKNQNNRQQQQDNQNQEQNQNDNNQQNQNNDNNNNKNNQQDNNQQRNQEKDKD,Low,Low,Low
9,60,0.46,-1,0.3,21.06109215,KKRSGKRRHHKKRHQKRRQHRKKQQRKKQNQNNNNNQNQQQQHHNQQNNQNNPNNNNHHP,High,High,Low
10,60,0.18,-1,0.3,22.3683112,KRKKSGHHKHQQHRQQQNKQNNNRNNQNKQQQQHHNQKQNNQRNNPNRNNNHRHPKKRKR,High,NA,NA
11,60,0.46,-1,0.3,22.60887861,GQSTSTSWGGWGTSGSGGGTSSGGWSSTTSGGEDDGTDDEGTDDETADDDSTDEEGSDED,High,Low,High
12,60,0.18,-1,0.3,22.22629918,EDDDGQSTESTSWDGGWGDTSGSDGGGTDSSGGWSSTDTSGGEGTGTDTASTDGSEEDED,High,Low,Low
13,60,0.53,0.53,0.3,20.88013149,KKKKGHTGRTGTGRGTTGRSSGARGGSARTTTTSSSSESGSSDSSSAETASSDSSDEEEE,Low,Low,Low
14,60,0.13,0.13,0.3,21.62939511,KEDKGHTGDTGTGRGTTGRSSGAKGGSAETTTTSSSSESGSSRSSSAKTASSESSERRED,High,Low,High
15,60,0.01,0.01,0.3,21.51631847,GHTGTGTGGTTGSSGGGSTTTTSSSSSGSSSSSTSSSSDKEKDREAKERDAREREKEAAR,High,Low,High
16,60,0.06,0.06,0.3,21.83543692,GHDTGKTGETGKGTDTGRSSEGGAGSKTTETTRSSDSSASGRSSESSRSTESSKSSEAAR,High,Low,High
17,60,0.46,-1,0.3,23.26663601,KRRNQKRRGTRKRSGKRKGSRKRGARRKSTATATGSTTSSATASASSSSSSSGAGATGGS,High,High,Low
18,60,0.18,-1,0.3,23.03309376,KRRKNQGTKSGGSKGASTRATATRGSTTKSSATASASRSSSSRSSGARGATGKGSRRKRR,High,High,Low
19,60,0.84,0.84,0.6,19.48480061,KKRKAHHNKNNQNRQNNNRNQNQRNQNQKNQQQDDEEEDDDDDDEEDDDDDDDDDDDEE,Low,NA,NA
20,60,0.19,0.19,0.6,22.8170036,DKDAHDKRHNKEDNNKDDQNEDEQNDDDNNNQDEKNQRDDNQERENQDEDNQDDDQQRDD,Low,Low,High
21,60,0.64,0.64,0.6,18.02471046,KRKSNRRRPPRRKNNKKRPNRRRQQRKRNNPQDDENPEDDNNDDEQQDEEQHEDEPQEEE,Low,Low,Low
22,60,0.06,0.06,0.6,22.79603154,DDRSNERRPPERENNEKKPNEREQQDKKNNPQKRRNPDDRNNDRKQQEREQHRDEPQDRE,Low,Low,Low
23,60,0.72,0.72,0.6,17.21928249,RRRKKKKTKRRKMRKRRPRKKRNKRKRPRRKRPQQNNEQQNNDNQNNENQNSDQSEDDDD,Low,NA,NA
24,60,0.22,0.22,0.6,24.33635885,DDRTMRRKPNKKEPPRRRQQKKDNNRRKQQNNRRENQRRDNNRKKNQKKRNSKKDQSRDE,Low,NA,NA
25,60,0.84,0.84,0.6,20.15502194,KKKKMVVSRSVVGRAGMARSVVAKSVVARPVSGDDDEEEEEDDDEDDDDDDEEDEDDDDD,Low,High,Low
26,60,0.16,0.16,0.6,24.65709323,DDKEMVDKDVSSEEKSVDEDVGKRDAGDDDMASVVDDASVDEVAPREVSGERDRDKDEDED,High,Low,Low
27,60,0.64,0.64,0.6,17.9256232,KRRAVKKKVAKRKSSRKKVVKKRGARKKSVSVDEDVPEDDVVDDDGSDDDVSDDEAVDEE,Low,Low,Low
28,60,0.06,0.06,0.6,23.26462302,EKDAVDEKVADKKSSKDKVVDDRGAKRDSVSVDRDVPDEKVVRDKGDREVSEKKAVKRD,Low,Low,Low
29,60,0.05,0.05,0.6,23.45761916,SSGSSGSSEKDAVDEKVADKKDKVVDDRARKRDVVDRDVPDEKVVRDKDREVEKKAVKRD,Low,Low,High
30,60,0.05,0.05,0.6,23.34233931,SESKGDSASVGDSESKVADKKKDKVVDDRARKRDVVDRDVPDEKVVRDKDREVEKKAVKRD,Low,Low,Low
31,60,0.72,0.72,0.6,18.04843422,KRRKRKRVRKRRVKRKKAKRRRAKRRKVKKKRSAAVGEAVAADSAVADAVVVDSADDDDD,Low,Low,Low
32,60,0.18,0.18,0.6,24.39256382,KRKVVDRDAARRRVSDRKAAKDRVGKRKAVAARKKSARKDVADKAVRDRVVRKSADRK,Low,Low,Low
