"","Num","Res","VLXT","NCPR","Charge"
"1",1,"V",0.858714632,0,"No charge"
"2",2,"S",0.7500139645,0,"No charge"
"3",3,"P",0.5225933607,0.2,"Positivo"
"4",4,"T",0.7240361544,0.2,"Positivo"
"5",5,"R",0.6455312539,0.2,"Positivo"
"6",6,"S",0.6109927616,0.2,"Positivo"
"7",7,"V",0.5717595962,0.2,"Positivo"
"8",8,"L",0.5636149991,0,"No charge"
"9",9,"P",0.5408127634,0,"No charge"
"10",10,"A",0.518505188,0,"No charge"
"11",11,"N",0.4838601686,0.2,"Positivo"
"12",12,"W",0.4789890162,0.2,"Positivo"
"13",13,"R",0.4795387266,0,"No charge"
"14",14,"Q",0.5014057758,0,"No charge"
"15",15,"E",0.5258230333,-0.2,"Negativo"
"16",16,"L",0.5594382283,-0.4,"Negativo"
"17",17,"E",0.5955062339,-0.4,"Negativo"
"18",18,"S",0.6244220367,0,"No charge"
"19",19,"L",0.6785225535,0,"No charge"
"20",20,"R",0.7491327878,0.2,"Positivo"
"21",21,"N",0.7971135181,0.2,"Positivo"
"22",22,"G",0.8457711479,0.2,"Positivo"
"23",23,"N",0.8850908803,0,"No charge"
"24",24,"G",0.9108045481,0,"No charge"
"25",25,"S",0.9440928033,0,"No charge"
"26",26,"S",0.9691670321,0,"No charge"
"27",27,"S",0.9936382086,0,"No charge"
"28",28,"A",0.9972385908,0,"No charge"
"29",29,"A",0.9974277626,0,"No charge"
"30",30,"S",0.9966153429,0,"No charge"
"31",31,"S",0.9961851413,0,"No charge"
"32",32,"A",0.9955178924,0,"No charge"
"33",33,"P",0.9945242884,0,"No charge"
"34",34,"A",0.9938634037,0,"No charge"
"35",35,"P",0.9931441227,0.2,"Positivo"
"36",36,"A",0.9926977196,0.2,"Positivo"
"37",37,"R",0.9922332753,0.2,"Positivo"
"38",38,"S",0.9927381446,0.2,"Positivo"
"39",39,"S",0.9939276782,0.2,"Positivo"
"40",40,"S",0.9936677721,0,"No charge"
"41",41,"A",0.9940553818,0,"No charge"
"42",42,"S",0.994658754,0.2,"Positivo"
"43",43,"W",0.9950843378,0,"No charge"
"44",44,"R",0.9953442439,0,"No charge"
"45",45,"D",0.9951282956,0,"No charge"
"46",46,"A",0.9950077776,0,"No charge"
"47",47,"A",0.9947942924,-0.2,"Negativo"
"48",48,"P",0.9949119028,0,"No charge"
"49",49,"A",0.9954693201,0,"No charge"
"50",50,"S",0.9952011255,0,"No charge"
"51",51,"S",0.9954323767,0,"No charge"
"52",52,"A",0.995312803,0,"No charge"
"53",53,"P",0.995132343,0.2,"Positivo"
"54",54,"A",0.9951852202,0.2,"Positivo"
"55",55,"R",0.9941634695,0.2,"Positivo"
"56",56,"S",0.9943121261,0.2,"Positivo"
"57",57,"S",0.9924932607,0.2,"Positivo"
"58",58,"S",0.9893241352,0,"No charge"
"59",59,"A",0.9839103324,0.2,"Positivo"
"60",60,"S",0.9925151082,0.4,"Positivo"
"61",61,"K",0.9813001711,0.4,"Positivo"
"62",62,"K",0.9695931927,0,"No charge"
"63",63,"A",0.945688196,0,"No charge"
